{
  "alpha": 0.7797298431396484,
  "D0": 0.979381799697876,
  "msd_alpha_mean": 0.9434858592937705,
  "msd_alpha_std": 0.036031858124202676,
  "loss_history": [
    {
      "phase": "warmup",
      "loss": 0.027743332087993622
    },
    {
      "phase": "physics",
      "loss": 0.009812085423618555
    }
  ]
}